{"cameraMode":{"drawMode":0,"name":"Shaded","section":"Shading Mode"},"sceneLighting":true,"audioPlay":false,"sceneViewState":{"m_AlwaysRefresh":true,"showFog":true,"showSkybox":true,"showFlares":true,"showImageEffects":true,"showParticleSystems":true,"showVisualEffectGraphs":true,"m_FxEnabled":true},"in2DMode":false,"pivot":{"x":-6.149541854858398,"y":0.060640811920166019,"z":-0.16990184783935548},"rotation":{"x":-0.2537156939506531,"y":0.3336961269378662,"z":-0.09377744048833847,"w":-0.9030643701553345},"size":12.460159301757813,"orthographic":false}