{"cameraMode":{"drawMode":0,"name":"Shaded","section":"Shading Mode"},"sceneLighting":true,"audioPlay":false,"sceneViewState":{"m_AlwaysRefresh":true,"showFog":true,"showSkybox":true,"showFlares":true,"showImageEffects":true,"showParticleSystems":true,"showVisualEffectGraphs":true,"m_FxEnabled":true},"in2DMode":false,"pivot":{"x":10.508500099182129,"y":25.64464569091797,"z":-60.60834503173828},"rotation":{"x":-0.06684882938861847,"y":-0.0045307413674890999,"z":0.00028992933221161366,"w":-0.9977740049362183},"size":6.2068657875061039,"orthographic":false}