{"cameraMode":{"drawMode":0,"name":"Shaded","section":"Shading Mode"},"sceneLighting":true,"audioPlay":false,"sceneViewState":{"m_AlwaysRefresh":true,"showFog":true,"showSkybox":true,"showFlares":true,"showImageEffects":true,"showParticleSystems":true,"showVisualEffectGraphs":true,"m_FxEnabled":true},"in2DMode":false,"pivot":{"x":845.2047119140625,"y":509.61468505859377,"z":79.0450439453125},"rotation":{"x":0.15470385551452638,"y":-0.029634082689881326,"z":0.004642199259251356,"w":0.9875071048736572},"size":669.1231079101563,"orthographic":false}