{"cameraMode":{"drawMode":0,"name":"Shaded","section":"Shading Mode"},"sceneLighting":true,"audioPlay":false,"sceneViewState":{"m_AlwaysRefresh":true,"showFog":true,"showSkybox":true,"showFlares":true,"showImageEffects":true,"showParticleSystems":true,"showVisualEffectGraphs":true,"m_FxEnabled":true},"in2DMode":false,"pivot":{"x":-1.0196533203125,"y":7.915670394897461,"z":-0.9442253112792969},"rotation":{"x":-0.06684882938861847,"y":-0.0045307413674890999,"z":0.00028992933221161366,"w":-0.9977740049362183},"size":6.152212619781494,"orthographic":false}